-- --------------------------------------------------------
-- Host:                         127.0.0.1
-- Server version:               10.4.32-MariaDB - mariadb.org binary distribution
-- Server OS:                    Win64
-- HeidiSQL Version:             12.8.0.6908
-- --------------------------------------------------------

/*!40101 SET @OLD_CHARACTER_SET_CLIENT=@@CHARACTER_SET_CLIENT */;
/*!40101 SET NAMES utf8 */;
/*!50503 SET NAMES utf8mb4 */;
/*!40103 SET @OLD_TIME_ZONE=@@TIME_ZONE */;
/*!40103 SET TIME_ZONE='+00:00' */;
/*!40014 SET @OLD_FOREIGN_KEY_CHECKS=@@FOREIGN_KEY_CHECKS, FOREIGN_KEY_CHECKS=0 */;
/*!40101 SET @OLD_SQL_MODE=@@SQL_MODE, SQL_MODE='NO_AUTO_VALUE_ON_ZERO' */;
/*!40111 SET @OLD_SQL_NOTES=@@SQL_NOTES, SQL_NOTES=0 */;

-- Dumping structure for table stockwise.inventory
CREATE TABLE IF NOT EXISTS `inventory` (
  `inventory_id` int(11) NOT NULL AUTO_INCREMENT,
  `product_id` int(11) NOT NULL,
  `stock` int(11) NOT NULL DEFAULT 0,
  `last_updated` datetime NOT NULL DEFAULT current_timestamp(),
  PRIMARY KEY (`inventory_id`),
  UNIQUE KEY `unique_product_id` (`product_id`),
  CONSTRAINT `FK_inventory_products` FOREIGN KEY (`product_id`) REFERENCES `products` (`product_id`) ON DELETE CASCADE
) ENGINE=InnoDB AUTO_INCREMENT=33 DEFAULT CHARSET=utf8mb4 COLLATE=utf8mb4_general_ci;

-- Dumping data for table stockwise.inventory: ~32 rows (approximately)
INSERT INTO `inventory` (`inventory_id`, `product_id`, `stock`, `last_updated`) VALUES
	(1, 1, 10, '2025-05-20 21:28:57'),
	(2, 2, 56, '2025-05-20 21:28:57'),
	(3, 3, 69, '2025-05-20 21:28:57'),
	(4, 4, 70, '2025-05-20 21:28:57'),
	(5, 5, 1, '2025-05-20 21:28:57'),
	(6, 6, 82, '2025-05-20 21:28:57'),
	(7, 7, 169, '2025-05-21 13:24:11'),
	(8, 8, 254, '2025-05-21 13:25:17'),
	(9, 9, 105, '2025-05-20 21:28:57'),
	(10, 10, 182, '2025-05-20 21:28:57'),
	(11, 11, 240, '2025-05-20 21:28:57'),
	(12, 12, 291, '2025-05-20 21:28:57'),
	(13, 13, 143, '2025-05-20 21:28:57'),
	(14, 14, 186, '2025-05-20 21:28:57'),
	(15, 15, 132, '2025-05-20 21:28:57'),
	(16, 16, 184, '2025-05-20 21:28:57'),
	(17, 17, 35, '2025-05-21 13:25:17'),
	(18, 18, 93, '2025-05-20 21:28:57'),
	(19, 19, 220, '2025-05-20 21:28:57'),
	(20, 20, 270, '2025-05-20 21:28:57'),
	(21, 21, 110, '2025-05-20 21:28:57'),
	(22, 22, 171, '2025-05-20 21:28:57'),
	(23, 23, 208, '2025-05-21 01:08:33'),
	(24, 24, 0, '2025-05-20 21:28:57'),
	(25, 25, 130, '2025-05-20 21:28:57'),
	(26, 26, 0, '2025-05-20 21:28:57'),
	(27, 27, 230, '2025-05-20 21:28:57'),
	(28, 28, 206, '2025-05-20 21:28:57'),
	(29, 29, 120, '2025-05-20 21:28:57'),
	(30, 30, 41, '2025-05-20 21:28:57'),
	(31, 31, 33, '2025-05-21 14:49:27'),
	(32, 32, 20, '2025-05-21 14:44:28');

-- Dumping structure for table stockwise.products
CREATE TABLE IF NOT EXISTS `products` (
  `product_id` int(11) NOT NULL AUTO_INCREMENT,
  `name` varchar(50) NOT NULL,
  `size` varchar(50) NOT NULL,
  `status` enum('Active','Discontinued') NOT NULL DEFAULT 'Active',
  `image` varchar(100) DEFAULT NULL,
  `date_added` date NOT NULL COMMENT 'Date the fruit was added',
  `price` decimal(10,2) NOT NULL DEFAULT 0.00,
  `cost` decimal(10,2) NOT NULL DEFAULT 0.00,
  PRIMARY KEY (`product_id`)
) ENGINE=InnoDB AUTO_INCREMENT=33 DEFAULT CHARSET=utf8mb4 COLLATE=utf8mb4_general_ci;

-- Dumping data for table stockwise.products: ~32 rows (approximately)
INSERT INTO `products` (`product_id`, `name`, `size`, `status`, `image`, `date_added`, `price`, `cost`) VALUES
	(1, 'Green Grapes (Seedless)', '', 'Active', NULL, '2025-05-20', 1820.00, 0.00),
	(2, 'Grapes (Muscat)', '', 'Active', NULL, '2025-05-20', 1820.00, 0.00),
	(3, 'Red Grapes', '', 'Active', NULL, '2025-05-20', 1820.00, 0.00),
	(4, 'Apples', '28', 'Active', NULL, '2025-05-20', 920.00, 0.00),
	(5, 'Apples', '32', 'Active', NULL, '2025-05-20', 920.00, 0.00),
	(6, 'Apples (Upface)', '125-175', 'Active', NULL, '2025-05-20', 920.00, 0.00),
	(7, 'Apples (Upface)', '163', 'Active', NULL, '2025-05-20', 1470.00, 0.00),
	(8, 'Apples (Upface)', '80', 'Active', NULL, '2025-05-20', 1780.00, 0.00),
	(9, 'Apples (Upface)', '32', 'Discontinued', NULL, '2025-05-20', 920.00, 0.00),
	(10, 'Apples (Upface)', '72', 'Active', NULL, '2025-05-20', 1780.00, 0.00),
	(11, 'Fresh Apple', '125-138', 'Discontinued', NULL, '2025-05-20', 1450.00, 0.00),
	(12, 'Fresh Apple', '150-163', 'Discontinued', NULL, '2025-05-20', 1470.00, 0.00),
	(13, 'Fresh Apple', '138', 'Active', NULL, '2025-05-20', 1450.00, 0.00),
	(14, 'Fresh Apple', '163', 'Active', NULL, '2025-05-20', 1470.00, 0.00),
	(15, 'Pears', '', 'Active', NULL, '2025-05-20', 970.00, 0.00),
	(16, 'Apple (Sofia)', '32', 'Active', NULL, '2025-05-20', 920.00, 0.00),
	(17, 'Apple (Sofia)', '125-150', 'Active', NULL, '2025-05-20', 1450.00, 0.00),
	(18, 'Apple (Sofia)', '163', 'Active', NULL, '2025-05-20', 1470.00, 0.00),
	(19, 'Sunkist', '80', 'Active', NULL, '2025-05-20', 1420.00, 0.00),
	(20, 'Sunkist', '56', 'Discontinued', NULL, '2025-05-20', 1420.00, 0.00),
	(21, 'Sunkist', '72', 'Discontinued', NULL, '2025-05-20', 1420.00, 0.00),
	(22, 'Sunkist', '64', 'Active', NULL, '2025-05-20', 1420.00, 0.00),
	(23, 'Mandarin (Wogan)', '', 'Active', NULL, '2025-05-20', 680.00, 0.00),
	(24, 'Ponkiat', '', 'Active', NULL, '2025-05-20', 900.00, 0.00),
	(25, 'Ponkan (Wogan)', '', 'Discontinued', NULL, '2025-05-20', 680.00, 0.00),
	(26, 'Ponkan (Wogan)', '84', 'Active', NULL, '2025-05-20', 680.00, 0.00),
	(27, 'Kiwi Gold', '', 'Active', NULL, '2025-05-20', 820.00, 0.00),
	(28, 'Kiwi Green', '', 'Active', NULL, '2025-05-20', 820.00, 0.00),
	(29, 'Grapes (Muscat Australian)', '', 'Active', NULL, '2025-05-20', 1820.00, 0.00),
	(30, 'Orange (Karachi)', '', 'Discontinued', NULL, '2025-05-20', 900.00, 0.00),
	(31, 'Lemon', '', 'Active', NULL, '2025-05-20', 1490.00, 0.00),
	(32, 'Apples (Fuji)', 'Small', 'Active', NULL, '2025-05-21', 1792.00, 1400.00);

-- Dumping structure for table stockwise.receipt_prints
CREATE TABLE IF NOT EXISTS `receipt_prints` (
  `print_id` int(11) NOT NULL AUTO_INCREMENT,
  `sale_id` int(11) NOT NULL,
  `user_id` int(11) NOT NULL,
  `print_date` datetime DEFAULT current_timestamp(),
  PRIMARY KEY (`print_id`),
  KEY `sale_id` (`sale_id`),
  KEY `user_id` (`user_id`),
  CONSTRAINT `receipt_prints_ibfk_1` FOREIGN KEY (`sale_id`) REFERENCES `sales` (`sale_id`) ON DELETE CASCADE,
  CONSTRAINT `receipt_prints_ibfk_2` FOREIGN KEY (`user_id`) REFERENCES `users` (`user_id`) ON DELETE CASCADE
) ENGINE=InnoDB AUTO_INCREMENT=7 DEFAULT CHARSET=utf8mb4 COLLATE=utf8mb4_general_ci;

-- Dumping data for table stockwise.receipt_prints: ~6 rows (approximately)
INSERT INTO `receipt_prints` (`print_id`, `sale_id`, `user_id`, `print_date`) VALUES
	(1, 66, 2, '2025-05-21 01:09:55'),
	(2, 66, 2, '2025-05-21 01:10:09'),
	(3, 66, 2, '2025-05-21 01:10:21'),
	(4, 70, 2, '2025-05-21 14:51:23'),
	(5, 70, 2, '2025-05-21 14:51:32'),
	(6, 70, 2, '2025-05-21 14:51:40');

-- Dumping structure for table stockwise.sales
CREATE TABLE IF NOT EXISTS `sales` (
  `sale_id` int(11) NOT NULL AUTO_INCREMENT,
  `or_number` varchar(32) NOT NULL,
  `recorded_at` datetime NOT NULL,
  `total` decimal(10,2) NOT NULL,
  `amount_paid` decimal(10,2) DEFAULT NULL,
  `change_given` decimal(10,2) DEFAULT NULL,
  `status` enum('Completed','Voided') NOT NULL DEFAULT 'Completed',
  `user_id` int(11) NOT NULL,
  `voided_at` datetime DEFAULT NULL,
  `stock_restored` tinyint(4) NOT NULL DEFAULT 0,
  PRIMARY KEY (`sale_id`),
  KEY `fk_sales_users` (`user_id`),
  CONSTRAINT `fk_sales_users` FOREIGN KEY (`user_id`) REFERENCES `users` (`user_id`)
) ENGINE=InnoDB AUTO_INCREMENT=78 DEFAULT CHARSET=utf8mb4 COLLATE=utf8mb4_general_ci;

-- Dumping data for table stockwise.sales: ~69 rows (approximately)
INSERT INTO `sales` (`sale_id`, `or_number`, `recorded_at`, `total`, `amount_paid`, `change_given`, `status`, `user_id`, `voided_at`, `stock_restored`) VALUES
	(1, '', '2025-05-01 20:49:06', 1820.00, NULL, NULL, 'Completed', 1, NULL, 0),
	(2, '', '2025-05-02 20:49:06', 3640.00, NULL, NULL, 'Completed', 1, NULL, 0),
	(3, '', '2025-05-03 20:49:06', 1820.00, NULL, NULL, 'Completed', 1, NULL, 0),
	(4, '', '2025-05-04 20:49:06', 1840.00, NULL, NULL, 'Completed', 1, NULL, 0),
	(5, '', '2025-05-05 20:49:06', 920.00, NULL, NULL, 'Completed', 1, NULL, 0),
	(6, '', '2025-05-06 20:49:06', 1840.00, NULL, NULL, 'Completed', 1, NULL, 0),
	(7, '', '2025-05-07 20:49:06', 1470.00, NULL, NULL, 'Completed', 1, NULL, 0),
	(8, '', '2025-05-01 20:52:59', 1820.00, NULL, NULL, 'Completed', 1, NULL, 0),
	(9, '', '2025-05-02 20:52:59', 3640.00, NULL, NULL, 'Completed', 1, NULL, 0),
	(10, '', '2025-05-03 20:52:59', 1820.00, NULL, NULL, 'Completed', 1, NULL, 0),
	(11, '', '2025-05-04 20:52:59', 1840.00, NULL, NULL, 'Completed', 1, NULL, 0),
	(12, '', '2025-05-05 20:52:59', 920.00, NULL, NULL, 'Completed', 1, NULL, 0),
	(13, '', '2025-05-06 20:52:59', 1840.00, NULL, NULL, 'Completed', 1, NULL, 0),
	(14, '', '2025-05-07 20:52:59', 1470.00, NULL, NULL, 'Completed', 1, NULL, 0),
	(15, '', '2025-05-01 20:56:35', 1820.00, NULL, NULL, 'Completed', 1, NULL, 0),
	(16, '', '2025-05-02 20:56:35', 3640.00, NULL, NULL, 'Completed', 1, NULL, 0),
	(17, '', '2025-05-03 20:56:35', 1820.00, NULL, NULL, 'Completed', 1, NULL, 0),
	(18, '', '2025-05-04 20:56:35', 1840.00, NULL, NULL, 'Completed', 1, NULL, 0),
	(19, '', '2025-05-05 20:56:35', 920.00, NULL, NULL, 'Completed', 1, NULL, 0),
	(20, '', '2025-05-06 20:56:35', 1840.00, NULL, NULL, 'Completed', 1, NULL, 0),
	(21, '', '2025-05-07 20:56:35', 1470.00, NULL, NULL, 'Completed', 1, NULL, 0),
	(22, '', '2025-05-01 20:57:40', 1820.00, NULL, NULL, 'Voided', 1, '2025-05-20 21:27:54', 1),
	(23, '', '2025-05-02 20:57:40', 3640.00, NULL, NULL, 'Completed', 1, NULL, 0),
	(24, '', '2025-05-03 20:57:40', 1820.00, NULL, NULL, 'Completed', 1, NULL, 0),
	(25, '', '2025-05-04 20:57:40', 1840.00, NULL, NULL, 'Completed', 1, NULL, 0),
	(26, '', '2025-05-05 20:57:41', 920.00, NULL, NULL, 'Completed', 1, NULL, 0),
	(27, '', '2025-05-06 20:57:41', 1840.00, NULL, NULL, 'Completed', 1, NULL, 0),
	(28, '', '2025-05-07 20:57:41', 1470.00, NULL, NULL, 'Completed', 1, NULL, 0),
	(29, '', '2025-05-01 21:11:26', 27300.00, NULL, NULL, 'Completed', 1, NULL, 0),
	(30, '', '2025-05-01 21:11:26', 22500.00, NULL, NULL, 'Voided', 1, '2025-05-20 21:28:17', 1),
	(31, '', '2025-05-01 21:11:26', 6560.00, NULL, NULL, 'Completed', 1, NULL, 0),
	(32, '', '2025-05-02 21:11:26', 21840.00, NULL, NULL, 'Completed', 1, NULL, 0),
	(33, '', '2025-05-02 21:11:26', 17460.00, NULL, NULL, 'Completed', 1, NULL, 0),
	(34, '', '2025-05-02 21:11:26', 13500.00, NULL, NULL, 'Completed', 1, NULL, 0),
	(35, '', '2025-05-03 21:11:26', 36400.00, NULL, NULL, 'Completed', 1, NULL, 0),
	(36, '', '2025-05-03 21:11:26', 23800.00, NULL, NULL, 'Completed', 1, NULL, 0),
	(37, '', '2025-05-03 21:11:26', 17880.00, NULL, NULL, 'Completed', 1, NULL, 0),
	(38, '', '2025-05-04 21:11:26', 23000.00, NULL, NULL, 'Completed', 1, NULL, 0),
	(39, '', '2025-05-04 21:11:26', 27000.00, NULL, NULL, 'Completed', 1, NULL, 0),
	(40, '', '2025-05-04 21:11:26', 18200.00, NULL, NULL, 'Completed', 1, NULL, 0),
	(41, '', '2025-05-05 21:11:26', 16560.00, NULL, NULL, 'Completed', 1, NULL, 0),
	(42, '', '2025-05-05 21:11:26', 19040.00, NULL, NULL, 'Completed', 1, NULL, 0),
	(43, '', '2025-05-05 21:11:26', 22350.00, NULL, NULL, 'Completed', 1, NULL, 0),
	(44, '', '2025-05-06 21:11:26', 20240.00, NULL, NULL, 'Completed', 1, NULL, 0),
	(45, '', '2025-05-06 21:11:26', 31500.00, NULL, NULL, 'Completed', 1, NULL, 0),
	(46, '', '2025-05-06 21:11:26', 9840.00, NULL, NULL, 'Completed', 1, NULL, 0),
	(47, '', '2025-05-07 21:11:26', 22050.00, NULL, NULL, 'Completed', 1, NULL, 0),
	(48, '', '2025-05-07 21:11:26', 21760.00, NULL, NULL, 'Completed', 1, NULL, 0),
	(49, '', '2025-05-07 21:11:26', 16200.00, NULL, NULL, 'Completed', 1, NULL, 0),
	(50, '', '2025-05-01 21:14:22', 27300.00, NULL, NULL, 'Completed', 1, NULL, 0),
	(51, '', '2025-05-01 21:14:22', 22500.00, NULL, NULL, 'Completed', 1, NULL, 0),
	(52, '', '2025-05-01 21:14:22', 6560.00, NULL, NULL, 'Completed', 1, NULL, 0),
	(53, '', '2025-05-02 21:14:22', 21840.00, NULL, NULL, 'Completed', 1, NULL, 0),
	(54, '', '2025-05-02 21:14:22', 17460.00, NULL, NULL, 'Completed', 1, NULL, 0),
	(55, '', '2025-05-02 21:14:22', 13500.00, NULL, NULL, 'Completed', 1, NULL, 0),
	(56, '', '2025-05-03 21:14:22', 36400.00, NULL, NULL, 'Completed', 1, NULL, 0),
	(57, '', '2025-05-03 21:14:22', 23800.00, NULL, NULL, 'Completed', 1, NULL, 0),
	(58, '', '2025-05-03 21:14:22', 17880.00, NULL, NULL, 'Completed', 1, NULL, 0),
	(59, '', '2025-05-04 21:14:22', 23000.00, NULL, NULL, 'Completed', 1, NULL, 0),
	(60, '', '2025-05-04 21:14:22', 27000.00, NULL, NULL, 'Completed', 1, NULL, 0),
	(61, '', '2025-05-04 21:14:22', 18200.00, NULL, NULL, 'Completed', 1, NULL, 0),
	(62, '', '2025-05-05 21:14:22', 16560.00, NULL, NULL, 'Completed', 1, NULL, 0),
	(63, '', '2025-05-01 21:22:18', 27300.00, NULL, NULL, 'Completed', 1, NULL, 0),
	(64, 'OR-2025-0064', '2025-05-20 21:23:56', 93350.00, 100000.00, 6650.00, 'Completed', 1, NULL, 0),
	(65, 'OR-2025-0065', '2025-05-20 21:25:24', 29800.00, 30000.00, 200.00, 'Completed', 1, NULL, 0),
	(66, 'OR-2025-0066', '2025-05-21 01:08:33', 2720.00, 3000.00, 280.00, 'Completed', 1, NULL, 0),
	(67, 'OR-2025-0067', '2025-05-21 09:48:34', 3560.00, 3600.00, 40.00, 'Completed', 1, NULL, 0),
	(68, 'OR-2025-0068', '2025-05-21 13:23:47', 3230.00, 3500.00, 270.00, 'Completed', 2, NULL, 0),
	(70, 'OR-2025-0069', '2025-05-21 14:49:27', 29800.00, 30000.00, 200.00, 'Completed', 2, NULL, 0);

-- Dumping structure for table stockwise.sale_items
CREATE TABLE IF NOT EXISTS `sale_items` (
  `sale_item_id` int(11) NOT NULL AUTO_INCREMENT,
  `sale_id` int(11) NOT NULL,
  `product_id` int(11) NOT NULL,
  `quantity` int(11) NOT NULL,
  `price` decimal(10,2) NOT NULL,
  PRIMARY KEY (`sale_item_id`),
  KEY `fk_sale_items_sales` (`sale_id`),
  KEY `fk_sale_items_products` (`product_id`),
  CONSTRAINT `fk_sale_items_products` FOREIGN KEY (`product_id`) REFERENCES `products` (`product_id`),
  CONSTRAINT `fk_sale_items_sales` FOREIGN KEY (`sale_id`) REFERENCES `sales` (`sale_id`) ON DELETE CASCADE
) ENGINE=InnoDB AUTO_INCREMENT=81 DEFAULT CHARSET=utf8mb4 COLLATE=utf8mb4_general_ci;

-- Dumping data for table stockwise.sale_items: ~72 rows (approximately)
INSERT INTO `sale_items` (`sale_item_id`, `sale_id`, `product_id`, `quantity`, `price`) VALUES
	(1, 1, 1, 1, 1820.00),
	(2, 2, 2, 2, 1820.00),
	(3, 3, 3, 1, 1820.00),
	(4, 4, 4, 2, 920.00),
	(5, 5, 5, 1, 920.00),
	(6, 6, 6, 2, 920.00),
	(7, 7, 7, 1, 1470.00),
	(8, 8, 1, 1, 1820.00),
	(9, 9, 2, 2, 1820.00),
	(10, 10, 3, 1, 1820.00),
	(11, 11, 4, 2, 920.00),
	(12, 12, 5, 1, 920.00),
	(13, 13, 6, 2, 920.00),
	(14, 14, 7, 1, 1470.00),
	(15, 15, 1, 1, 1820.00),
	(16, 16, 2, 2, 1820.00),
	(17, 17, 3, 1, 1820.00),
	(18, 18, 4, 2, 920.00),
	(19, 19, 5, 1, 920.00),
	(20, 20, 6, 2, 920.00),
	(21, 21, 7, 1, 1470.00),
	(22, 22, 1, 1, 1820.00),
	(23, 23, 2, 2, 1820.00),
	(24, 24, 3, 1, 1820.00),
	(25, 25, 4, 2, 920.00),
	(26, 26, 5, 1, 920.00),
	(27, 27, 6, 2, 920.00),
	(28, 28, 7, 1, 1470.00),
	(29, 29, 1, 15, 1820.00),
	(30, 30, 24, 25, 900.00),
	(31, 31, 28, 8, 820.00),
	(32, 32, 2, 12, 1820.00),
	(33, 33, 15, 18, 970.00),
	(34, 34, 30, 15, 900.00),
	(35, 35, 3, 20, 1820.00),
	(36, 36, 26, 35, 680.00),
	(37, 37, 31, 12, 1490.00),
	(38, 38, 4, 25, 920.00),
	(39, 39, 24, 30, 900.00),
	(40, 40, 29, 10, 1820.00),
	(41, 41, 5, 18, 920.00),
	(42, 42, 26, 28, 680.00),
	(43, 43, 31, 15, 1490.00),
	(44, 44, 6, 22, 920.00),
	(45, 45, 24, 35, 900.00),
	(46, 46, 28, 12, 820.00),
	(47, 47, 7, 15, 1470.00),
	(48, 48, 26, 32, 680.00),
	(49, 49, 30, 18, 900.00),
	(50, 50, 1, 15, 1820.00),
	(51, 51, 24, 25, 900.00),
	(52, 52, 28, 8, 820.00),
	(53, 53, 2, 12, 1820.00),
	(54, 54, 15, 18, 970.00),
	(55, 55, 30, 15, 900.00),
	(56, 56, 3, 20, 1820.00),
	(57, 57, 26, 35, 680.00),
	(58, 58, 31, 12, 1490.00),
	(59, 59, 4, 25, 920.00),
	(60, 60, 24, 30, 900.00),
	(61, 61, 29, 10, 1820.00),
	(62, 62, 5, 18, 920.00),
	(63, 63, 1, 15, 1820.00),
	(64, 64, 16, 30, 920.00),
	(65, 64, 17, 20, 1450.00),
	(66, 64, 18, 25, 1470.00),
	(67, 65, 31, 20, 1490.00),
	(68, 66, 23, 4, 680.00),
	(69, 67, 8, 2, 1780.00),
	(70, 68, 8, 1, 1780.00),
	(71, 68, 17, 1, 1450.00),
	(73, 70, 31, 20, 1490.00);

-- Dumping structure for table stockwise.stock_additions
CREATE TABLE IF NOT EXISTS `stock_additions` (
  `addition_id` int(11) NOT NULL AUTO_INCREMENT,
  `product_id` int(11) NOT NULL,
  `quantity` int(11) NOT NULL,
  `date_added` date NOT NULL,
  `created_at` timestamp NOT NULL DEFAULT current_timestamp(),
  `remaining_quantity` int(11) NOT NULL DEFAULT 0,
  `batch_id` varchar(25) NOT NULL DEFAULT '',
  PRIMARY KEY (`addition_id`),
  KEY `product_id` (`product_id`),
  CONSTRAINT `stock_additions_ibfk_1` FOREIGN KEY (`product_id`) REFERENCES `products` (`product_id`) ON DELETE CASCADE
) ENGINE=InnoDB AUTO_INCREMENT=289 DEFAULT CHARSET=utf8mb4 COLLATE=utf8mb4_general_ci;

-- Dumping data for table stockwise.stock_additions: ~188 rows (approximately)
INSERT INTO `stock_additions` (`addition_id`, `product_id`, `quantity`, `date_added`, `created_at`, `remaining_quantity`, `batch_id`) VALUES
	(1, 1, 20, '2025-05-10', '2025-05-20 12:46:44', 0, 'GGS05102025'),
	(2, 1, 20, '2025-05-13', '2025-05-20 12:46:44', 0, 'GGS05132025'),
	(3, 1, 20, '2025-05-15', '2025-05-20 12:46:44', 0, 'GGS05152025'),
	(4, 1, 20, '2025-05-17', '2025-05-20 12:46:44', 0, 'GGS05172025'),
	(5, 1, 20, '2025-05-20', '2025-05-20 12:46:44', 10, 'GGS05202025'),
	(6, 2, 30, '2025-05-10', '2025-05-20 12:46:44', 0, 'GM05102025'),
	(7, 2, 30, '2025-05-13', '2025-05-20 12:46:44', 0, 'GM05132025'),
	(8, 2, 30, '2025-05-15', '2025-05-20 12:46:44', 0, 'GM05152025'),
	(9, 2, 30, '2025-05-17', '2025-05-20 12:46:44', 26, 'GM05172025'),
	(10, 2, 30, '2025-05-20', '2025-05-20 12:46:44', 30, 'GM05202025'),
	(11, 3, 40, '2025-05-10', '2025-05-20 12:46:44', 0, 'RG05102025'),
	(12, 3, 40, '2025-05-13', '2025-05-20 12:46:44', 0, 'RG05132025'),
	(13, 3, 40, '2025-05-15', '2025-05-20 12:46:44', 0, 'RG05152025'),
	(14, 3, 40, '2025-05-17', '2025-05-20 12:46:44', 29, 'RG05172025'),
	(15, 3, 40, '2025-05-20', '2025-05-20 12:46:44', 40, 'RG05202025'),
	(16, 4, 50, '2025-05-10', '2025-05-20 12:46:44', 0, 'P05102025'),
	(17, 4, 50, '2025-05-13', '2025-05-20 12:46:44', 0, 'P05132025'),
	(18, 4, 50, '2025-05-15', '2025-05-20 12:46:44', 0, 'P05152025'),
	(19, 4, 50, '2025-05-17', '2025-05-20 12:46:44', 20, 'P05172025'),
	(20, 4, 50, '2025-05-20', '2025-05-20 12:46:44', 50, 'P05202025'),
	(21, 5, 20, '2025-05-10', '2025-05-20 12:46:44', 0, 'P05102025'),
	(22, 5, 20, '2025-05-13', '2025-05-20 12:46:44', 0, 'P05132025'),
	(23, 5, 20, '2025-05-15', '2025-05-20 12:46:44', 0, 'P05152025'),
	(24, 5, 20, '2025-05-17', '2025-05-20 12:46:44', 0, 'P05172025'),
	(25, 5, 20, '2025-05-20', '2025-05-20 12:46:44', 1, 'P05202025'),
	(26, 6, 30, '2025-05-10', '2025-05-20 12:46:44', 0, 'AU05102025'),
	(27, 6, 30, '2025-05-13', '2025-05-20 12:46:44', 0, 'AU05132025'),
	(28, 6, 30, '2025-05-15', '2025-05-20 12:46:44', 22, 'AU05152025'),
	(29, 6, 30, '2025-05-17', '2025-05-20 12:46:44', 30, 'AU05172025'),
	(30, 6, 30, '2025-05-20', '2025-05-20 12:46:44', 30, 'AU05202025'),
	(31, 7, 40, '2025-05-10', '2025-05-20 12:46:44', 0, 'AU05102025'),
	(32, 7, 40, '2025-05-13', '2025-05-20 12:46:44', 39, 'AU05132025'),
	(33, 7, 40, '2025-05-15', '2025-05-20 12:46:44', 40, 'AU05152025'),
	(34, 7, 40, '2025-05-17', '2025-05-20 12:46:44', 40, 'AU05172025'),
	(35, 7, 40, '2025-05-20', '2025-05-20 12:46:44', 40, 'AU05202025'),
	(36, 8, 50, '2025-05-10', '2025-05-20 12:46:44', 50, 'AU05102025'),
	(37, 8, 50, '2025-05-13', '2025-05-20 12:46:44', 50, 'AU05132025'),
	(38, 8, 50, '2025-05-15', '2025-05-20 12:46:44', 50, 'AU05152025'),
	(39, 8, 50, '2025-05-17', '2025-05-20 12:46:44', 50, 'AU05172025'),
	(40, 8, 50, '2025-05-20', '2025-05-20 12:46:44', 50, 'AU05202025'),
	(41, 9, 20, '2025-05-10', '2025-05-20 12:46:44', 20, 'AU05102025'),
	(42, 9, 20, '2025-05-13', '2025-05-20 12:46:44', 20, 'AU05132025'),
	(43, 9, 20, '2025-05-15', '2025-05-20 12:46:44', 20, 'AU05152025'),
	(44, 9, 20, '2025-05-17', '2025-05-20 12:46:44', 20, 'AU05172025'),
	(45, 9, 20, '2025-05-20', '2025-05-20 12:46:44', 20, 'AU05202025'),
	(46, 10, 30, '2025-05-10', '2025-05-20 12:46:44', 30, 'AU05102025'),
	(47, 10, 30, '2025-05-13', '2025-05-20 12:46:44', 30, 'AU05132025'),
	(48, 10, 30, '2025-05-15', '2025-05-20 12:46:44', 30, 'AU05152025'),
	(49, 10, 30, '2025-05-17', '2025-05-20 12:46:44', 30, 'AU05172025'),
	(50, 10, 30, '2025-05-20', '2025-05-20 12:46:44', 30, 'AU05202025'),
	(51, 11, 40, '2025-05-10', '2025-05-20 12:46:44', 40, 'FA05102025'),
	(52, 11, 40, '2025-05-13', '2025-05-20 12:46:44', 40, 'FA05132025'),
	(53, 11, 40, '2025-05-15', '2025-05-20 12:46:44', 40, 'FA05152025'),
	(54, 11, 40, '2025-05-17', '2025-05-20 12:46:44', 40, 'FA05172025'),
	(55, 11, 40, '2025-05-20', '2025-05-20 12:46:44', 40, 'FA05202025'),
	(56, 12, 50, '2025-05-10', '2025-05-20 12:46:44', 50, 'FA05102025'),
	(57, 12, 50, '2025-05-13', '2025-05-20 12:46:44', 50, 'FA05132025'),
	(58, 12, 50, '2025-05-15', '2025-05-20 12:46:44', 50, 'FA05152025'),
	(59, 12, 50, '2025-05-17', '2025-05-20 12:46:44', 50, 'FA05172025'),
	(60, 12, 50, '2025-05-20', '2025-05-20 12:46:44', 50, 'FA05202025'),
	(61, 13, 20, '2025-05-10', '2025-05-20 12:46:44', 20, 'FA05102025'),
	(62, 13, 20, '2025-05-13', '2025-05-20 12:46:44', 20, 'FA05132025'),
	(63, 13, 20, '2025-05-15', '2025-05-20 12:46:44', 20, 'FA05152025'),
	(64, 13, 20, '2025-05-17', '2025-05-20 12:46:44', 20, 'FA05172025'),
	(65, 13, 20, '2025-05-20', '2025-05-20 12:46:44', 20, 'FA05202025'),
	(66, 14, 30, '2025-05-10', '2025-05-20 12:46:44', 30, 'FA05102025'),
	(67, 14, 30, '2025-05-13', '2025-05-20 12:46:44', 30, 'FA05132025'),
	(68, 14, 30, '2025-05-15', '2025-05-20 12:46:44', 30, 'FA05152025'),
	(69, 14, 30, '2025-05-17', '2025-05-20 12:46:44', 30, 'FA05172025'),
	(70, 14, 30, '2025-05-20', '2025-05-20 12:46:44', 30, 'FA05202025'),
	(71, 15, 40, '2025-05-10', '2025-05-20 12:46:44', 0, 'P05102025'),
	(72, 15, 40, '2025-05-13', '2025-05-20 12:46:44', 12, 'P05132025'),
	(73, 15, 40, '2025-05-15', '2025-05-20 12:46:44', 40, 'P05152025'),
	(74, 15, 40, '2025-05-17', '2025-05-20 12:46:44', 40, 'P05172025'),
	(75, 15, 40, '2025-05-20', '2025-05-20 12:46:44', 40, 'P05202025'),
	(76, 16, 50, '2025-05-10', '2025-05-20 12:46:44', 0, 'AS05102025'),
	(77, 16, 50, '2025-05-13', '2025-05-20 12:46:44', 34, 'AS05132025'),
	(78, 16, 50, '2025-05-15', '2025-05-20 12:46:44', 50, 'AS05152025'),
	(79, 16, 50, '2025-05-17', '2025-05-20 12:46:44', 49, 'AS05172025'),
	(80, 16, 50, '2025-05-20', '2025-05-20 12:46:44', 50, 'AS05202025'),
	(81, 17, 20, '2025-05-10', '2025-05-20 12:46:44', 0, 'AS05102025'),
	(82, 17, 20, '2025-05-13', '2025-05-20 12:46:44', 0, 'AS05132025'),
	(83, 17, 20, '2025-05-15', '2025-05-20 12:46:44', 0, 'AS05152025'),
	(84, 17, 20, '2025-05-17', '2025-05-20 12:46:44', 15, 'AS05172025'),
	(85, 17, 20, '2025-05-20', '2025-05-20 12:46:44', 20, 'AS05202025'),
	(86, 18, 30, '2025-05-10', '2025-05-20 12:46:44', 0, 'AS05102025'),
	(87, 18, 30, '2025-05-13', '2025-05-20 12:46:44', 3, 'AS05132025'),
	(88, 18, 30, '2025-05-15', '2025-05-20 12:46:44', 30, 'AS05152025'),
	(89, 18, 30, '2025-05-17', '2025-05-20 12:46:44', 29, 'AS05172025'),
	(90, 18, 30, '2025-05-20', '2025-05-20 12:46:44', 30, 'AS05202025'),
	(91, 19, 40, '2025-05-10', '2025-05-20 12:46:44', 40, 'S05102025'),
	(92, 19, 40, '2025-05-13', '2025-05-20 12:46:44', 40, 'S05132025'),
	(93, 19, 40, '2025-05-15', '2025-05-20 12:46:44', 40, 'S05152025'),
	(94, 19, 40, '2025-05-17', '2025-05-20 12:46:44', 40, 'S05172025'),
	(95, 19, 40, '2025-05-20', '2025-05-20 12:46:44', 40, 'S05202025'),
	(96, 20, 50, '2025-05-10', '2025-05-20 12:46:44', 50, 'S05102025'),
	(97, 20, 50, '2025-05-13', '2025-05-20 12:46:44', 50, 'S05132025'),
	(98, 20, 50, '2025-05-15', '2025-05-20 12:46:44', 50, 'S05152025'),
	(99, 20, 50, '2025-05-17', '2025-05-20 12:46:44', 50, 'S05172025'),
	(100, 20, 50, '2025-05-20', '2025-05-20 12:46:44', 50, 'S05202025'),
	(101, 21, 20, '2025-05-10', '2025-05-20 12:46:44', 20, 'S05102025'),
	(102, 21, 20, '2025-05-13', '2025-05-20 12:46:44', 20, 'S05132025'),
	(103, 21, 20, '2025-05-15', '2025-05-20 12:46:44', 20, 'S05152025'),
	(104, 21, 20, '2025-05-17', '2025-05-20 12:46:44', 20, 'S05172025'),
	(105, 21, 20, '2025-05-20', '2025-05-20 12:46:44', 20, 'S05202025'),
	(106, 22, 30, '2025-05-10', '2025-05-20 12:46:44', 30, 'S05102025'),
	(107, 22, 30, '2025-05-13', '2025-05-20 12:46:44', 30, 'S05132025'),
	(108, 22, 30, '2025-05-15', '2025-05-20 12:46:44', 30, 'S05152025'),
	(109, 22, 30, '2025-05-17', '2025-05-20 12:46:44', 30, 'S05172025'),
	(110, 22, 30, '2025-05-20', '2025-05-20 12:46:44', 30, 'S05202025'),
	(111, 23, 40, '2025-05-10', '2025-05-20 12:46:44', 40, 'MW05102025'),
	(112, 23, 40, '2025-05-13', '2025-05-20 12:46:44', 40, 'MW05132025'),
	(113, 23, 40, '2025-05-15', '2025-05-20 12:46:44', 40, 'MW05152025'),
	(114, 23, 40, '2025-05-17', '2025-05-20 12:46:44', 40, 'MW05172025'),
	(115, 23, 40, '2025-05-20', '2025-05-20 12:46:44', 36, 'MW05202025'),
	(116, 24, 50, '2025-05-10', '2025-05-20 12:46:44', 0, 'PK05102025'),
	(117, 24, 50, '2025-05-13', '2025-05-20 12:46:44', 0, 'PK05132025'),
	(118, 24, 50, '2025-05-15', '2025-05-20 12:46:44', 0, 'PK05152025'),
	(119, 24, 50, '2025-05-17', '2025-05-20 12:46:44', 0, 'PK05172025'),
	(120, 24, 50, '2025-05-20', '2025-05-20 12:46:44', 0, 'PK05202025'),
	(121, 25, 20, '2025-05-10', '2025-05-20 12:46:44', 20, 'PW05102025'),
	(122, 25, 20, '2025-05-13', '2025-05-20 12:46:44', 20, 'PW05132025'),
	(123, 25, 20, '2025-05-15', '2025-05-20 12:46:44', 20, 'PW05152025'),
	(124, 25, 20, '2025-05-17', '2025-05-20 12:46:44', 20, 'PW05172025'),
	(125, 25, 20, '2025-05-20', '2025-05-20 12:46:44', 20, 'PW05202025'),
	(126, 26, 30, '2025-05-10', '2025-05-20 12:46:44', 0, 'PW05102025'),
	(127, 26, 30, '2025-05-13', '2025-05-20 12:46:44', 0, 'PW05132025'),
	(128, 26, 30, '2025-05-15', '2025-05-20 12:46:44', 0, 'PW05152025'),
	(129, 26, 30, '2025-05-17', '2025-05-20 12:46:44', 0, 'PW05172025'),
	(130, 26, 30, '2025-05-20', '2025-05-20 12:46:44', 0, 'PW05202025'),
	(131, 27, 40, '2025-05-10', '2025-05-20 12:46:44', 40, 'KG05102025'),
	(132, 27, 40, '2025-05-13', '2025-05-20 12:46:44', 40, 'KG05132025'),
	(133, 27, 40, '2025-05-15', '2025-05-20 12:46:44', 40, 'KG05152025'),
	(134, 27, 40, '2025-05-17', '2025-05-20 12:46:44', 40, 'KG05172025'),
	(135, 27, 40, '2025-05-20', '2025-05-20 12:46:44', 40, 'KG05202025'),
	(136, 28, 50, '2025-05-10', '2025-05-20 12:46:44', 6, 'KGR05102025'),
	(137, 28, 50, '2025-05-13', '2025-05-20 12:46:44', 50, 'KGR05132025'),
	(138, 28, 50, '2025-05-15', '2025-05-20 12:46:44', 50, 'KGR05152025'),
	(139, 28, 50, '2025-05-17', '2025-05-20 12:46:44', 50, 'KGR05172025'),
	(140, 28, 50, '2025-05-20', '2025-05-20 12:46:44', 50, 'KGR05202025'),
	(141, 29, 20, '2025-05-10', '2025-05-20 12:46:44', 20, 'P05102025'),
	(142, 29, 20, '2025-05-13', '2025-05-20 12:46:44', 20, 'P05132025'),
	(143, 29, 20, '2025-05-15', '2025-05-20 12:46:44', 20, 'P05152025'),
	(144, 29, 20, '2025-05-17', '2025-05-20 12:46:44', 20, 'P05172025'),
	(145, 29, 20, '2025-05-20', '2025-05-20 12:46:44', 20, 'P05202025'),
	(146, 30, 30, '2025-05-10', '2025-05-20 12:46:44', 0, 'OK05102025'),
	(147, 30, 30, '2025-05-13', '2025-05-20 12:46:44', 0, 'OK05132025'),
	(148, 30, 30, '2025-05-15', '2025-05-20 12:46:44', 0, 'OK05152025'),
	(149, 30, 30, '2025-05-17', '2025-05-20 12:46:44', 11, 'OK05172025'),
	(150, 30, 30, '2025-05-20', '2025-05-20 12:46:44', 30, 'OK05202025'),
	(151, 31, 40, '2025-05-10', '2025-05-20 12:46:44', 0, 'L05102025'),
	(152, 31, 40, '2025-05-13', '2025-05-20 12:46:44', 0, 'L05132025'),
	(153, 31, 40, '2025-05-15', '2025-05-20 12:46:44', 0, 'L05152025'),
	(154, 31, 40, '2025-05-17', '2025-05-20 12:46:44', 0, 'L05172025'),
	(155, 31, 40, '2025-05-20', '2025-05-20 12:46:44', 33, 'L05202025'),
	(256, 1, 50, '2025-05-08', '2025-05-20 04:30:54', 0, 'GGS05082025'),
	(257, 2, 20, '2025-05-08', '2025-05-20 04:30:54', 0, 'GM05082025'),
	(258, 3, 10, '2025-05-08', '2025-05-20 04:30:54', 0, 'RG05082025'),
	(259, 4, 12, '2025-05-08', '2025-05-20 04:30:54', 0, 'A205202025'),
	(260, 5, 30, '2025-05-08', '2025-05-20 04:30:54', 0, 'A305202025'),
	(261, 6, 40, '2025-05-08', '2025-05-20 04:30:54', 0, 'AU105202025'),
	(262, 7, 25, '2025-05-08', '2025-05-20 04:30:54', 0, 'AU105202025'),
	(263, 8, 10, '2025-05-08', '2025-05-20 04:30:54', 4, 'AU805202025'),
	(264, 9, 5, '2025-05-08', '2025-05-20 04:30:54', 5, 'AU305202025'),
	(265, 10, 32, '2025-05-08', '2025-05-20 04:30:54', 32, 'AU705202025'),
	(266, 11, 40, '2025-05-08', '2025-05-20 04:34:16', 40, 'FA105202025'),
	(267, 12, 41, '2025-05-08', '2025-05-20 04:34:16', 41, 'FA105202025'),
	(268, 13, 43, '2025-05-08', '2025-05-20 04:34:16', 43, 'FA105202025'),
	(269, 14, 36, '2025-05-08', '2025-05-20 04:34:16', 36, 'FA105202025'),
	(270, 15, 40, '2025-05-08', '2025-05-20 04:34:16', 0, 'P05202025'),
	(271, 16, 31, '2025-05-08', '2025-05-20 04:34:16', 0, 'AS305202025'),
	(272, 17, 22, '2025-05-08', '2025-05-20 04:34:16', 0, 'AS105202025'),
	(273, 18, 38, '2025-05-08', '2025-05-20 04:34:16', 0, 'AS105202025'),
	(274, 19, 20, '2025-05-08', '2025-05-20 04:34:16', 20, 'S805202025'),
	(275, 20, 20, '2025-05-08', '2025-05-20 04:34:16', 20, 'S505202025'),
	(276, 21, 10, '2025-05-08', '2025-05-20 04:39:09', 10, 'S705202025'),
	(277, 22, 21, '2025-05-08', '2025-05-20 04:39:09', 21, 'S605202025'),
	(278, 23, 20, '2025-05-08', '2025-05-20 04:39:09', 12, 'MW05202025'),
	(279, 24, 30, '2025-05-08', '2025-05-20 04:39:09', 0, 'P05202025'),
	(280, 25, 30, '2025-05-08', '2025-05-20 04:39:09', 30, 'PW05202025'),
	(281, 26, 30, '2025-05-08', '2025-05-20 04:39:09', 0, 'PW05202025'),
	(282, 27, 30, '2025-05-08', '2025-05-20 04:39:09', 30, 'KG05202025'),
	(283, 28, 40, '2025-05-08', '2025-05-20 04:39:09', 0, 'KG05202025'),
	(284, 29, 80, '2025-05-08', '2025-05-20 04:39:09', 20, 'GMA05202025'),
	(285, 30, 35, '2025-05-08', '2025-05-20 04:39:09', 0, 'OK05202025'),
	(286, 31, 50, '2025-05-08', '2025-05-20 04:39:09', 0, 'L05202025'),
	(287, 7, 10, '2025-05-21', '2025-05-21 05:24:11', 10, 'AU105212025'),
	(288, 32, 20, '2025-05-21', '2025-05-21 06:41:28', 20, 'AFS05212025');

-- Dumping structure for table stockwise.users
CREATE TABLE IF NOT EXISTS `users` (
  `user_id` int(11) NOT NULL AUTO_INCREMENT,
  `name` varchar(100) NOT NULL,
  `username` varchar(25) NOT NULL,
  `phone_number` varchar(20) NOT NULL,
  `password` varchar(255) NOT NULL,
  `role` enum('admin','user') NOT NULL DEFAULT 'user',
  `is_active` tinyint(1) NOT NULL DEFAULT 1,
  `status` enum('enabled','disabled') DEFAULT 'enabled',
  `profile_picture` varchar(100) NOT NULL,
  `created_at` datetime NOT NULL DEFAULT current_timestamp(),
  `last_login` datetime NOT NULL,
  `last_active` datetime DEFAULT NULL,
  PRIMARY KEY (`user_id`)
) ENGINE=InnoDB AUTO_INCREMENT=3 DEFAULT CHARSET=utf8mb4 COLLATE=utf8mb4_general_ci;

-- Dumping data for table stockwise.users: ~2 rows (approximately)
INSERT INTO `users` (`user_id`, `name`, `username`, `phone_number`, `password`, `role`, `is_active`, `status`, `profile_picture`, `created_at`, `last_login`, `last_active`) VALUES
	(1, 'Sir Francis', 'Admin', '09123456789', '$2y$10$QlwZvCVvpOB22IpNsCrtUubX6/o5aU13qyBFJH3rD8U8ez2urYTba', 'admin', 0, 'enabled', 'Uploads/profile_1_1747652449.png', '2025-05-01 15:22:18', '2025-05-22 21:50:54', '2025-05-22 22:01:59'),
	(2, 'Iris', 'Secretary', '09630675254', '$2y$10$DvoLPwxtWIMi67HAyt.vF.k5GCObTFvZBXk.dAPMq/tE5vT1jlZvq', 'user', 0, 'enabled', 'Uploads/profile_2_1747652494.png', '2025-05-01 15:22:18', '2025-05-21 14:33:49', '2025-05-21 15:08:10');


/*!40103 SET TIME_ZONE=IFNULL(@OLD_TIME_ZONE, 'system') */;
/*!40101 SET SQL_MODE=IFNULL(@OLD_SQL_MODE, '') */;
/*!40014 SET FOREIGN_KEY_CHECKS=IFNULL(@OLD_FOREIGN_KEY_CHECKS, 1) */;
/*!40101 SET CHARACTER_SET_CLIENT=@OLD_CHARACTER_SET_CLIENT */;
/*!40111 SET SQL_NOTES=IFNULL(@OLD_SQL_NOTES, 1) */;
